https://gradana.co.id/,,,,tidak ada info tkb
http://www.danamapan.id/,,,,websitenya error
https://www.finmas.co.id/,,,,ok tp tidak ada info tkb nya
http://www.do-it.id/,,,,ok but need to be click
http://danalaut.id/,,,,tidak ada info tkb
http://pinjamduit.co.id/,,,,tidak ada info tkb
http://indo.geteasycash.asia/,,,,tidak ada info tkb
http://pinduit.id/,,,,webstie not found
http://smartcapital.id/,,,,website not found
http://plazapinjaman.id/,,,,tidak ada info tkb
http://danafix.id/,,,,tidak ada info tkb
http://www.modalnasional.co.id/,,,,website error/expired
http://www.lenteradana.co.id/,,,,tidak ada info tkb
http://www.empatkali.co.id/,,,,tidak ada info tkb
http://www.jembatanemas.id/,,,,tidak ada info tkb
http://www.klikkami.co.id/,,,,tidak ada info tkb
http://www.kaching.id/,,,,tidak ada info tkb
http://www.finplus.co.id/,,,,tidak ada info tkb
http://www.syarfi.id/,,,,website error
http://www.asakita.id/,,,,error need to be click
http://bocil.id,,,,tidak ada info tkb
http://www.onehope.co.id/,,,,tidak ada info tkb
http://www.ladangmodal.com/,,,,website not found
http://www.dhanapala.id/,,,,website not found
http://www.restock.id/,,,,not found
http://www.solusi-ku.id/,,,,tidak ada info tkb
http://www.adapundi.com/,,,,tidak ada info tkb
http://www.edufund.co.id/,,,,tidak ada info tkb
http://www.tunasaku.co.id/,,,,tidak ada info tkb
http://www.uatas.id/,,,,tidak ada info tkb
